{
  "file name": "report for the coding assignment",
  "Start date": "Jan. 22, 2023",
  "Start time": "10 AM",
  "End date": "Jan, 22, 2023",
  "End time": "2 PM",
  "Data Specification": [
    {
      "FWaterPumpHPKgS": 0.0,
      "PCondenserIn": 38.57539749145508,
      "PWaterPumpLP": -14.699999809265137,
      "PWaterReturn": 3.1922361850738525,
      "TBlk1Seg1C1": 0.0,
      "TBlk1Seg1C2": 478.1432800292969,
      "TBlk1Seg1C3": 10.399998664855957,
      "TBlk1Seg1C4": 232.42666625976562,
      "TBlk1Seg1C5": 232.33999633789062,
      "TBlk1Seg1C6": 0.0,
      "TBlk1Seg1E1": 0.0,
      "TBlk1Seg1E2": 0.0,
      "TBlk1Seg1T1": 1372.0,
      "TBlk1Seg1T2": 1372.0,
      "TBlk1Seg1T3": 401.7200012207031,
      "TBlk1Seg1T4": 1372.0,
      "TBlk1Seg1T5": 1372.0,
      "TBlk1Seg1T6": 232.94334411621094,
      "TBlk1Seg1T7": 228.85667419433594,
      "TBlk1Seg1T8": 0.0,
      "TBlk1Seg2T1": 0.0,
      "TBlk1Seg2T2": 1372.0,
      "TBlk1Seg2T3": 1372.0,
      "TBlk1Seg2T4": 310.9000244140625,
      "TBlk1Seg2T5": 309.5899658203125,
      "TBlk1Seg2T6": 308.7000427246094,
      "TBlk1Seg2T7": 311.0699462890625,
      "TBlk1Seg2T8": 312.6800537109375,
      "TBlk1Seg3C1": 1372.0,
      "TBlk1Seg3C2": 313.9333801269531,
      "TBlk1Seg3C3": 310.9000244140625,
      "TBlk1Seg3C4": 312.9000244140625,
      "TBlk1Seg3C5": 313.78662109375,
      "TBlk1Seg3C6": 309.67669677734375,
      "TBlk1Seg3T1": 303.9633483886719,
      "TBlk1Seg3T2": 312.71337890625,
      "TBlk1Seg3T3": 313.9000244140625,
      "TBlk1Seg3T4": 313.4566955566406,
      "TBlk1Seg3T5": 161.3733367919922,
      "TBlk1Seg3T6": 312.5999755859375,
      "TBlk1Seg3T7": 313.8900451660156,
      "TBlk1Seg3T8": 313.2000427246094,
      "TBlk1Seg4T1": 303.92669677734375,
      "TBlk1Seg4T2": 302.8900146484375,
      "TBlk1Seg4T3": 304.0533142089844,
      "TBlk1Seg4T4": 302.9800109863281,
      "TBlk1Seg4T5": 303.9000244140625,
      "TBlk1Seg4T6": 302.30328369140625,
      "TBlk1Seg4T7": 304.0699462890625,
      "TBlk1Seg4T8": 302.6000061035156,
      "TBlk1Seg5C1": 0.0,
      "TBlk1Seg5C2": 283.5866394042969,
      "TBlk1Seg5C3": 282.4466857910156,
      "TBlk1Seg5C4": 282.90667724609375,
      "TBlk1Seg5C5": 283.1000061035156,
      "TBlk1Seg5C6": 0.0,
      "TBlk1Seg5T1": 282.9966735839844,
      "TBlk1Seg5T2": 283.4433288574219,
      "TBlk1Seg5T3": 284.4966735839844,
      "TBlk1Seg5T4": 284.1000061035156,
      "TBlk1Seg5T5": 0.0,
      "TBlk1Seg5T6": 285.1000061035156,
      "TBlk1Seg5T7": 285.1000061035156,
      "TBlk1Seg5T8": 285.17669677734375,
      "TBlk1Seg6T1": 77.80001068115234,
      "TBlk1Seg6T2": 12.796664237976074,
      "TBlk1Seg6T3": 14.143335342407227,
      "TBlk1Seg6T4": 93.60001373291016,
      "TBlk1Seg6T5": 232.16000366210938,
      "TBlk1Seg6T6": 232.19000244140625,
      "TBlk1Seg6T7": 235.83331298828125,
      "TBlk1Seg6T8": 120.73001098632812,
      "TBlk1Seg7C1": 76.89000701904297,
      "TBlk1Seg7C2": 75.27333068847656,
      "TBlk1Seg7C3": 74.04334259033203,
      "TBlk1Seg7C4": 76.75666046142578,
      "TBlk1Seg7C5": 74.086669921875,
      "TBlk1Seg7C6": 73.58999633789062,
      "TBlk1Seg7E1": 78.58333587646484,
      "TBlk1Seg7E2": 77.48332977294922,
      "TBlk1Seg7T1": 77.97000122070312,
      "TBlk1Seg7T2": 77.1399917602539,
      "TBlk1Seg7T3": 70.50666809082031,
      "TBlk1Seg7T4": 77.50334167480469,
      "TBlk1Seg7T5": 0.0,
      "TBlk1Seg7T6": 1372.0,
      "TBlk1Seg7T7": 73.39667510986328,
      "TBlk1Seg7T8": 77.93667602539062,
      "TBoilerOut": 0.0,
      "TBurnerTemp1": 452.2366638183594,
      "TBurnerTemp2": 478.1432800292969,
      "TBurnerTemp3": 401.7200012207031,
      "TCondenserIn": 0.0,
      "TExhaust": 77.80001068115234,
      "TTESBlk1Seg1C1": 229.71669006347656,
      "TTESBlk1Seg1C2": 217.89996337890625,
      "TTESBlk1Seg1C3": 181.12669372558594,
      "TTESBlk1Seg1T1": 231.0,
      "TTESBlk1Seg1T2": 218.0,
      "TTESBlk1Seg1T3": 187.7999725341797,
      "TTESBlk1Seg2C1": 217.07669067382812,
      "TTESBlk1Seg2C2": 158.28665161132812,
      "TTESBlk1Seg2C3": 174.0066680908203,
      "TTESBlk1Seg2T1": 221.2766571044922,
      "TTESBlk1Seg2T2": 209.39996337890625,
      "TTESBlk1Seg2T3": 180.09669494628906,
      "TTESBlk1Seg3C1": 197.89996337890625,
      "TTESBlk1Seg3C2": 178.39996337890625,
      "TTESBlk1Seg3C3": 140.48333740234375,
      "TTESBlk1Seg3T1": 198.2999725341797,
      "TTESBlk1Seg3T2": 180.97000122070312,
      "TTESBlk1Seg3T3": 152.64002990722656,
      "TTESBlk1Seg4C1": 166.306640625,
      "TTESBlk1Seg4C2": 156.29998779296875,
      "TTESBlk1Seg4C3": 126.0966796875,
      "TTESBlk1Seg4T1": 0.0,
      "TTESBlk1Seg4T2": 156.93331909179688,
      "TTESBlk1Seg4T3": 134.18331909179688,
      "TTESBlk1Seg5C1": 142.3999786376953,
      "TTESBlk1Seg5C2": 1372.0,
      "TTESBlk1Seg5C3": 99.63667297363281,
      "TTESBlk1Seg5T1": 143.8000030517578,
      "TTESBlk1Seg5T2": 125.89998626708984,
      "TTESBlk1Seg5T3": 106.39998626708984,
      "TTESBlk1Seg6C1": 107.39998626708984,
      "TTESBlk1Seg6C2": 95.60001373291016,
      "TTESBlk1Seg6C3": 84.39331817626953,
      "TTESBlk1Seg6T1": 107.08668518066406,
      "TTESBlk1Seg6T2": 99.3166732788086,
      "TTESBlk1Seg6T3": 87.89998626708984,
      "TTESBlk1Seg7C1": 88.0966796875,
      "TTESBlk1Seg7C2": 77.80001068115234,
      "TTESBlk1Seg7C3": 62.92333984375,
      "TTESBlk1Seg7T1": 89.61333465576172,
      "TTESBlk1Seg7T2": 78.43666076660156,
      "TTESBlk1Seg7T3": 67.10665893554688,
      "TTESBlk2Seg1C1": 248.3899688720703,
      "TTESBlk2Seg1C2": 263.6200256347656,
      "TTESBlk2Seg1C3": 0.0,
      "TTESBlk2Seg1T1": 249.39996337890625,
      "TTESBlk2Seg1T2": 264.2999572753906,
      "TTESBlk2Seg1T3": 0.0,
      "TTESBlk2Seg2C1": 237.48666381835938,
      "TTESBlk2Seg2C2": 250.9966583251953,
      "TTESBlk2Seg2C3": 0.0,
      "TTESBlk2Seg2T1": 236.42666625976562,
      "TTESBlk2Seg2T2": 251.39996337890625,
      "TTESBlk2Seg2T3": 0.0,
      "TTESBlk2Seg3C1": 215.68003845214844,
      "TTESBlk2Seg3C2": 226.39996337890625,
      "TTESBlk2Seg3C3": 0.0,
      "TTESBlk2Seg3T1": 215.39996337890625,
      "TTESBlk2Seg3T2": 224.6133575439453,
      "TTESBlk2Seg3T3": 0.0,
      "TTESBlk2Seg4C1": 187.10336303710938,
      "TTESBlk2Seg4C2": 196.94667053222656,
      "TTESBlk2Seg4C3": 0.0,
      "TTESBlk2Seg4T1": 186.76666259765625,
      "TTESBlk2Seg4T2": 195.13336181640625,
      "TTESBlk2Seg4T3": 0.0,
      "TTESBlk2Seg5C1": 163.29998779296875,
      "TTESBlk2Seg5C2": 167.8999786376953,
      "TTESBlk2Seg5C3": 0.0,
      "TTESBlk2Seg5T1": 162.9933319091797,
      "TTESBlk2Seg5T2": 168.3999786376953,
      "TTESBlk2Seg5T3": 0.0,
      "TTESBlk2Seg6C1": 112.40664672851562,
      "TTESBlk2Seg6C2": 0.0,
      "TTESBlk2Seg6C3": 0.0,
      "TTESBlk2Seg6T1": 0.0,
      "TTESBlk2Seg6T2": 122.30001831054688,
      "TTESBlk2Seg6T3": 0.0,
      "TTESBlk2Seg7C1": 89.80001831054688,
      "TTESBlk2Seg7C2": 93.60001373291016,
      "TTESBlk2Seg7C3": 0.0,
      "TTESBlk2Seg7T1": 59.440006256103516,
      "TTESBlk2Seg7T2": 93.19998168945312,
      "TTESBlk2Seg7T3": 0.0,
      "TTESBlock1BottomManifoldIn": 93.65332794189453,
      "TTESBlock1BottomManifoldOut": 12.796664237976074,
      "TTESBlock1TopManifoldIn": 0.0,
      "TTESBlock1TopManifoldOut": 14.143335342407227,
      "TTESBlock2BottomManifoldIn": 103.4200210571289,
      "TTESBlock2BottomManifoldOut": 69.92000579833984,
      "TTESBlock2TopManifoldIn": 145.3999786376953,
      "TTESBlock2TopManifoldOut": 35.40000534057617,
      "TTESIn": 93.69664764404297,
      "TWaterPumpHP": 12.016667366027832,
      "TWaterPumpLP": 9.399998664855957,
      "TWaterReturn": 5.80000114440918,
      "TWaterTank": 11.39999771118164,
      "WaterPumpSpeed": 350.0,
      "PWaterPumpHP": 2.8789122104644775,
      "dpExhaustIn1": 0.006550000049173832,
      "dpExhaustIn2": 0.022140415385365486,
      "dpExhaustIn3": 0.07257204502820969,
      "dpExhaustInAvg": 0.033754147589206696,
      "TFlameTemp": 675.2067260742188,